{
  "cv_original": 0.5965895098161371,
  "cv_sentence": 0.5958611883617613,
  "cv_paragraph": 0.5947600110778698,
  "mean_original": 10.110934257507324,
  "mean_sentence": 10.112771987915039,
  "mean_paragraph": 10.113646507263184,
  "paired_t_sentence": 0.4167215335504453,
  "paired_p_sentence": 0.3470839978475044,
  "paired_t_paragraph": 0.8929384496411257,
  "paired_p_paragraph": 0.2063997106252606,
  "paired_t_sp": -0.1298728594764768,
  "paired_p_sp": 0.45086503344094425,
  "cohens_d_sentence": 0.017483432406851043,
  "cohens_d_paragraph": 0.012054303107833973,
  "window_cv_mean": Infinity,
  "window_cv_ratio": Infinity,
  "pt_residual": 1.7457122802734375,
  "gradient_monotonic": false,
  "verdict": "INCONCLUSIVE",
  "confidence": 0.0,
  "n_variant_stories": 20,
  "window_size": 8,
  "model_params": 3484032,
  "epochs": 3,
  "train_stories": 60
}