{
  "model": "Qwen2.5-7B-Instruct",
  "hidden_dim": 3584,
  "n_layers": 28,
  "n_calibration_steps": 49,
  "prompt_tokens": 33,
  "baseline": {
    "vram_gb": 12.92042064666748,
    "time_s": 14.920300245285034,
    "text_len": 83
  },
  "monitor-r32": {
    "rank": 32,
    "top1_match_rate": 0.5,
    "kl_mean": 1.065997838973999,
    "cosine_sim_mean": 0.8643435835838318,
    "mse_mean": 18.05910301208496,
    "total_steps": 4,
    "compression_ratio": 0.008928571428571428
  },
  "monitor-r64": {
    "rank": 64,
    "top1_match_rate": 0.75,
    "kl_mean": 0.6514666676521301,
    "cosine_sim_mean": 0.8953867554664612,
    "mse_mean": 14.179794311523438,
    "total_steps": 4,
    "compression_ratio": 0.017857142857142856
  },
  "monitor-r128": {
    "rank": 128,
    "top1_match_rate": 0.75,
    "kl_mean": 0.6514666676521301,
    "cosine_sim_mean": 0.8953867554664612,
    "mse_mean": 14.179794311523438,
    "total_steps": 4,
    "compression_ratio": 0.03571428571428571
  },
  "replace-r32": {
    "rank": 32,
    "token_match_with_baseline": 0.43373493975903615,
    "vram_gb": 12.920849800109863,
    "time_s": 13.901550054550171,
    "baseline_len": 83,
    "replaced_len": 83,
    "text": "请详细解释量子纠缠的物理原理，包括贝尔不等式的意义和实验验证。然后讨论量子纠缠在量子计算和量子通信中的应用前景。 量子纠缠是一种特殊的纠缠纠缠纠缠纠缠纠缠纠缠纠缠纠缠纠缠纠缠纠缠纠缠纠缠纠缠纠缠纠缠纠缠纠缠纠缠纠缠纠缠纠缠纠缠纠缠纠缠纠缠纠缠纠缠纠缠纠缠纠缠纠缠纠缠纠缠纠缠纠缠纠缠纠缠纠缠纠缠纠缠纠缠纠缠纠缠纠缠"
  },
  "replace-r64": {
    "rank": 64,
    "token_match_with_baseline": 0.40963855421686746,
    "vram_gb": 12.921076774597168,
    "time_s": 13.95026707649231,
    "baseline_len": 83,
    "replaced_len": 83,
    "text": "请详细解释量子纠缠的物理原理，包括贝尔不等式的意义和实验验证。然后讨论量子纠缠在量子计算和量子通信中的应用前景。 1：纠缠是一种特殊的纠缠纠缠纠缠纠缠纠缠纠缠纠缠纠缠纠缠纠缠纠缠纠缠纠缠纠缠纠缠纠缠纠缠纠缠纠缠纠缠纠缠纠缠纠缠纠缠纠缠纠缠纠缠纠缠纠缠纠缠纠缠纠缠纠缠纠缠纠缠纠缠纠缠纠缠纠缠纠缠纠缠纠缠纠缠纠缠"
  },
  "replace-r128": {
    "rank": 128,
    "token_match_with_baseline": 0.40963855421686746,
    "vram_gb": 12.921076774597168,
    "time_s": 13.77806830406189,
    "baseline_len": 83,
    "replaced_len": 83,
    "text": "请详细解释量子纠缠的物理原理，包括贝尔不等式的意义和实验验证。然后讨论量子纠缠在量子计算和量子通信中的应用前景。 1：纠缠是一种特殊的纠缠纠缠纠缠纠缠纠缠纠缠纠缠纠缠纠缠纠缠纠缠纠缠纠缠纠缠纠缠纠缠纠缠纠缠纠缠纠缠纠缠纠缠纠缠纠缠纠缠纠缠纠缠纠缠纠缠纠缠纠缠纠缠纠缠纠缠纠缠纠缠纠缠纠缠纠缠纠缠纠缠纠缠纠缠纠缠"
  }
}