{
  "model": "Ornith-1.0-9B",
  "quantization": "bf16_cpu_offload",
  "prompt": "Explain the concept of entropy in thermodynamics in two sentences.",
  "num_generated": 30,
  "per_layer": {
    "0": {
      "layer_type": "linear_attention",
      "Pc_Praw_ratio": 0.8731643966692595,
      "cos_Pc_mean": -0.8436011075973511,
      "effective_rank": 23,
      "mean_vel_norm": 2.0984385013580322,
      "mean_acc_norm": 3.5231218338012695
    },
    "1": {
      "layer_type": "linear_attention",
      "Pc_Praw_ratio": 0.8728840425630675,
      "cos_Pc_mean": -0.8506572842597961,
      "effective_rank": 24,
      "mean_vel_norm": 3.070089817047119,
      "mean_acc_norm": 5.1560587882995605
    },
    "2": {
      "layer_type": "linear_attention",
      "Pc_Praw_ratio": 0.8634737827031457,
      "cos_Pc_mean": -0.8494442701339722,
      "effective_rank": 25,
      "mean_vel_norm": 4.431423664093018,
      "mean_acc_norm": 7.384381294250488
    },
    "3": {
      "layer_type": "full_attention",
      "Pc_Praw_ratio": 0.8612249030791856,
      "cos_Pc_mean": -0.8487476706504822,
      "effective_rank": 25,
      "mean_vel_norm": 6.029755592346191,
      "mean_acc_norm": 10.03341293334961
    },
    "4": {
      "layer_type": "linear_attention",
      "Pc_Praw_ratio": 0.8686318521242479,
      "cos_Pc_mean": -0.8571892976760864,
      "effective_rank": 25,
      "mean_vel_norm": 7.7109456062316895,
      "mean_acc_norm": 12.932233810424805
    },
    "5": {
      "layer_type": "linear_attention",
      "Pc_Praw_ratio": 0.8720602680289031,
      "cos_Pc_mean": -0.8572983145713806,
      "effective_rank": 25,
      "mean_vel_norm": 9.166390419006348,
      "mean_acc_norm": 15.451455116271973
    },
    "6": {
      "layer_type": "linear_attention",
      "Pc_Praw_ratio": 0.8625853115132219,
      "cos_Pc_mean": -0.8504037261009216,
      "effective_rank": 25,
      "mean_vel_norm": 11.402628898620605,
      "mean_acc_norm": 19.11557960510254
    },
    "7": {
      "layer_type": "full_attention",
      "Pc_Praw_ratio": 0.8624652708094857,
      "cos_Pc_mean": -0.8465433716773987,
      "effective_rank": 25,
      "mean_vel_norm": 12.423970222473145,
      "mean_acc_norm": 20.89475440979004
    },
    "8": {
      "layer_type": "linear_attention",
      "Pc_Praw_ratio": 0.8658542585691873,
      "cos_Pc_mean": -0.8443949222564697,
      "effective_rank": 25,
      "mean_vel_norm": 13.434027671813965,
      "mean_acc_norm": 22.688779830932617
    },
    "9": {
      "layer_type": "linear_attention",
      "Pc_Praw_ratio": 0.8661478061110789,
      "cos_Pc_mean": -0.8420631289482117,
      "effective_rank": 25,
      "mean_vel_norm": 14.71751880645752,
      "mean_acc_norm": 24.804105758666992
    },
    "10": {
      "layer_type": "linear_attention",
      "Pc_Praw_ratio": 0.8677928414772258,
      "cos_Pc_mean": -0.8402056097984314,
      "effective_rank": 25,
      "mean_vel_norm": 16.640779495239258,
      "mean_acc_norm": 28.15828514099121
    },
    "11": {
      "layer_type": "full_attention",
      "Pc_Praw_ratio": 0.8628913227332091,
      "cos_Pc_mean": -0.8404911160469055,
      "effective_rank": 25,
      "mean_vel_norm": 17.139421463012695,
      "mean_acc_norm": 28.980825424194336
    },
    "12": {
      "layer_type": "linear_attention",
      "Pc_Praw_ratio": 0.8620925558628052,
      "cos_Pc_mean": -0.8424255847930908,
      "effective_rank": 25,
      "mean_vel_norm": 18.77469253540039,
      "mean_acc_norm": 31.76970100402832
    },
    "13": {
      "layer_type": "linear_attention",
      "Pc_Praw_ratio": 0.8615153643704266,
      "cos_Pc_mean": -0.8450558185577393,
      "effective_rank": 25,
      "mean_vel_norm": 20.62793731689453,
      "mean_acc_norm": 34.95514678955078
    },
    "14": {
      "layer_type": "linear_attention",
      "Pc_Praw_ratio": 0.8617446802972919,
      "cos_Pc_mean": -0.8455367088317871,
      "effective_rank": 25,
      "mean_vel_norm": 23.40444564819336,
      "mean_acc_norm": 39.7093505859375
    },
    "15": {
      "layer_type": "full_attention",
      "Pc_Praw_ratio": 0.8600483569190002,
      "cos_Pc_mean": -0.8468710780143738,
      "effective_rank": 25,
      "mean_vel_norm": 25.742189407348633,
      "mean_acc_norm": 43.74011993408203
    },
    "16": {
      "layer_type": "linear_attention",
      "Pc_Praw_ratio": 0.8603233086496033,
      "cos_Pc_mean": -0.8502859473228455,
      "effective_rank": 26,
      "mean_vel_norm": 28.601390838623047,
      "mean_acc_norm": 48.69175720214844
    },
    "17": {
      "layer_type": "linear_attention",
      "Pc_Praw_ratio": 0.8573269210366572,
      "cos_Pc_mean": -0.8481308221817017,
      "effective_rank": 26,
      "mean_vel_norm": 32.25379180908203,
      "mean_acc_norm": 54.874263763427734
    },
    "18": {
      "layer_type": "linear_attention",
      "Pc_Praw_ratio": 0.8532062868850643,
      "cos_Pc_mean": -0.8445351123809814,
      "effective_rank": 26,
      "mean_vel_norm": 39.43571090698242,
      "mean_acc_norm": 66.90573120117188
    },
    "19": {
      "layer_type": "full_attention",
      "Pc_Praw_ratio": 0.8525019840296179,
      "cos_Pc_mean": -0.8414513468742371,
      "effective_rank": 25,
      "mean_vel_norm": 47.353206634521484,
      "mean_acc_norm": 80.35997009277344
    },
    "20": {
      "layer_type": "linear_attention",
      "Pc_Praw_ratio": 0.8502142963385583,
      "cos_Pc_mean": -0.8365310430526733,
      "effective_rank": 25,
      "mean_vel_norm": 56.345829010009766,
      "mean_acc_norm": 95.2444839477539
    },
    "21": {
      "layer_type": "linear_attention",
      "Pc_Praw_ratio": 0.849249001093482,
      "cos_Pc_mean": -0.833633542060852,
      "effective_rank": 25,
      "mean_vel_norm": 65.02521514892578,
      "mean_acc_norm": 109.57882690429688
    },
    "22": {
      "layer_type": "linear_attention",
      "Pc_Praw_ratio": 0.8467689094746952,
      "cos_Pc_mean": -0.8306839466094971,
      "effective_rank": 25,
      "mean_vel_norm": 74.36058807373047,
      "mean_acc_norm": 124.71099853515625
    },
    "23": {
      "layer_type": "full_attention",
      "Pc_Praw_ratio": 0.8490772289854313,
      "cos_Pc_mean": -0.8317000269889832,
      "effective_rank": 25,
      "mean_vel_norm": 84.28311157226562,
      "mean_acc_norm": 141.3842010498047
    },
    "24": {
      "layer_type": "linear_attention",
      "Pc_Praw_ratio": 0.8494532170984519,
      "cos_Pc_mean": -0.8322414755821228,
      "effective_rank": 25,
      "mean_vel_norm": 93.65250396728516,
      "mean_acc_norm": 156.81190490722656
    },
    "25": {
      "layer_type": "linear_attention",
      "Pc_Praw_ratio": 0.8495863246015007,
      "cos_Pc_mean": -0.8320236802101135,
      "effective_rank": 25,
      "mean_vel_norm": 102.29827880859375,
      "mean_acc_norm": 170.8410186767578
    },
    "26": {
      "layer_type": "linear_attention",
      "Pc_Praw_ratio": 0.8472752191104963,
      "cos_Pc_mean": -0.8293154835700989,
      "effective_rank": 25,
      "mean_vel_norm": 114.62603759765625,
      "mean_acc_norm": 190.64895629882812
    },
    "27": {
      "layer_type": "full_attention",
      "Pc_Praw_ratio": 0.8497901623199542,
      "cos_Pc_mean": -0.831696629524231,
      "effective_rank": 25,
      "mean_vel_norm": 123.92089080810547,
      "mean_acc_norm": 207.03965759277344
    },
    "28": {
      "layer_type": "linear_attention",
      "Pc_Praw_ratio": 0.8493742292745358,
      "cos_Pc_mean": -0.8324081897735596,
      "effective_rank": 25,
      "mean_vel_norm": 137.0036163330078,
      "mean_acc_norm": 228.0546875
    },
    "29": {
      "layer_type": "linear_attention",
      "Pc_Praw_ratio": 0.849829121880902,
      "cos_Pc_mean": -0.8323879837989807,
      "effective_rank": 25,
      "mean_vel_norm": 151.68557739257812,
      "mean_acc_norm": 252.78076171875
    },
    "30": {
      "layer_type": "linear_attention",
      "Pc_Praw_ratio": 0.84487006807983,
      "cos_Pc_mean": -0.832395076751709,
      "effective_rank": 25,