{
  "model": "Qwen2.5-7B-Instruct",
  "quantization": "bf16",
  "alpha_star": 1.41,
  "gamma": 0.01,
  "prompt": "Explain the concept of entropy in thermodynamics in two sentences.",
  "num_generated": 39,
  "per_layer": {
    "0": {
      "Pc_Praw_ratio": 1.9723159074783325,
      "cos_v_a": -0.8555194139480591,
      "cos_v_Fc": -0.9552091956138611,
      "effective_rank": 32
    },
    "1": {
      "Pc_Praw_ratio": 1.9763736724853516,
      "cos_v_a": -0.8458460569381714,
      "cos_v_Fc": -0.9512200951576233,
      "effective_rank": 32
    },
    "2": {
      "Pc_Praw_ratio": 1.9852501153945923,
      "cos_v_a": -0.8461727499961853,
      "cos_v_Fc": -0.9514738917350769,
      "effective_rank": 32
    },
    "3": {
      "Pc_Praw_ratio": 2.0085017681121826,
      "cos_v_a": -0.8339289426803589,
      "cos_v_Fc": -0.948283851146698,
      "effective_rank": 33
    },
    "4": {
      "Pc_Praw_ratio": 2.0061426162719727,
      "cos_v_a": -0.829379141330719,
      "cos_v_Fc": -0.9464020133018494,
      "effective_rank": 33
    },
    "5": {
      "Pc_Praw_ratio": 1.9958633184432983,
      "cos_v_a": -0.831676185131073,
      "cos_v_Fc": -0.9468969702720642,
      "effective_rank": 33
    },
    "6": {
      "Pc_Praw_ratio": 2.0022196769714355,
      "cos_v_a": -0.8299469947814941,
      "cos_v_Fc": -0.9468352198600769,
      "effective_rank": 33
    },
    "7": {
      "Pc_Praw_ratio": 2.008772373199463,
      "cos_v_a": -0.8267855644226074,
      "cos_v_Fc": -0.9457353949546814,
      "effective_rank": 33
    },
    "8": {
      "Pc_Praw_ratio": 2.0131120681762695,
      "cos_v_a": -0.8267436623573303,
      "cos_v_Fc": -0.945995032787323,
      "effective_rank": 33
    },
    "9": {
      "Pc_Praw_ratio": 2.0132317543029785,
      "cos_v_a": -0.8263823986053467,
      "cos_v_Fc": -0.9460757374763489,
      "effective_rank": 33
    },
    "10": {
      "Pc_Praw_ratio": 2.0082662105560303,
      "cos_v_a": -0.8287135362625122,
      "cos_v_Fc": -0.9467718601226807,
      "effective_rank": 33
    },
    "11": {
      "Pc_Praw_ratio": 2.0062978267669678,
      "cos_v_a": -0.8292440176010132,
      "cos_v_Fc": -0.9468472003936768,
      "effective_rank": 33
    },
    "12": {
      "Pc_Praw_ratio": 2.0058271884918213,
      "cos_v_a": -0.8294219374656677,
      "cos_v_Fc": -0.9470540285110474,
      "effective_rank": 33
    },
    "13": {
      "Pc_Praw_ratio": 2.007547616958618,
      "cos_v_a": -0.8298369646072388,
      "cos_v_Fc": -0.9473724365234375,
      "effective_rank": 33
    },
    "14": {
      "Pc_Praw_ratio": 2.0123634338378906,
      "cos_v_a": -0.8275626301765442,
      "cos_v_Fc": -0.9467864632606506,
      "effective_rank": 33
    },
    "15": {
      "Pc_Praw_ratio": 2.0138657093048096,
      "cos_v_a": -0.8281965851783752,
      "cos_v_Fc": -0.947310745716095,
      "effective_rank": 33
    },
    "16": {
      "Pc_Praw_ratio": 2.0123908519744873,
      "cos_v_a": -0.8293131589889526,
      "cos_v_Fc": -0.9476277828216553,
      "effective_rank": 33
    },
    "17": {
      "Pc_Praw_ratio": 2.0132272243499756,
      "cos_v_a": -0.8303647637367249,
      "cos_v_Fc": -0.9482619762420654,
      "effective_rank": 34
    },
    "18": {
      "Pc_Praw_ratio": 2.011638641357422,
      "cos_v_a": -0.8321661949157715,
      "cos_v_Fc": -0.9487499594688416,
      "effective_rank": 34
    },
    "19": {
      "Pc_Praw_ratio": 2.020416021347046,
      "cos_v_a": -0.8302828669548035,
      "cos_v_Fc": -0.9483336210250854,
      "effective_rank": 34
    },
    "20": {
      "Pc_Praw_ratio": 2.024327516555786,
      "cos_v_a": -0.8292259573936462,
      "cos_v_Fc": -0.9480141401290894,
      "effective_rank": 34
    },
    "21": {
      "Pc_Praw_ratio": 2.0257761478424072,
      "cos_v_a": -0.8296441435813904,
      "cos_v_Fc": -0.9478257298469543,
      "effective_rank": 34
    },
    "22": {
      "Pc_Praw_ratio": 2.0249016284942627,
      "cos_v_a": -0.8322900533676147,
      "cos_v_Fc": -0.9487612843513489,
      "effective_rank": 34
    },
    "23": {
      "Pc_Praw_ratio": 2.0238823890686035,
      "cos_v_a": -0.8327028751373291,
      "cos_v_Fc": -0.948643684387207,
      "effective_rank": 34
    },
    "24": {
      "Pc_Praw_ratio": 2.020338296890259,
      "cos_v_a": -0.8342247009277344,
      "cos_v_Fc": -0.949042558670044,
      "effective_rank": 34
    },
    "25": {
      "Pc_Praw_ratio": 2.0110301971435547,
      "cos_v_a": -0.8377898335456848,
      "cos_v_Fc": -0.9498987197875977,
      "effective_rank": 34
    },
    "26": {
      "Pc_Praw_ratio": 2.003352403640747,
      "cos_v_a": -0.8398868441581726,
      "cos_v_Fc": -0.9503843784332275,
      "effective_rank": 34
    },
    "27": {
      "Pc_Praw_ratio": 1.9931659698486328,
      "cos_v_a": -0.8408958911895752,
      "cos_v_Fc": -0.9499537944793701,
      "effective_rank": 34
    }
  }
}