{
  "timestamp": "2026-07-09T23:09:44.053707",
  "framework": "v12 NESS Thermodynamics",
  "alpha_star": 1.4670024326761815,
  "gamma": 0.01,
  "gamma_eff": -1.4570024326761815,
  "results": {
    "pos": {
      "entropy_production": {
        "sigma_active": 2254.7718698687822,
        "sigma_diss": 15.369925785790615,
        "P_active_mean": 28917.422997412745,
        "P_diss_mean": 197.11911937787934,
        "P_c_mean": 8.562108355683165
      },
      "probability_current": {
        "J_norm": 3.567676305770874,
        "J_per_dim": 0.002322705928236246,
        "n_nonzero_vel_dims": 0,
        "n_dims_tested": 50,
        "vel_skewness": -0.2260175295710431,
        "vel_kurtosis": -0.28918699317800733,
        "detailed_balance_broken": false
      },
      "effective_temperature": {
        "T_eff_vel": 12.82498836517334,
        "T_eff_h": 0.005913957953453064,
        "h_norm_mean": 171.93896484375,
        "h_norm_std": 10.612802505493164,
        "h_norm_cv": 0.06172424333909074
      },
      "dissipation": {
        "P_diss_mean": 197.11911937787934,
        "P_diss_per_dim": 0.1283327600116402
      },
      "free_energy_efficiency": {
        "eta_F": 0.00029608822184636546,
        "P_c_P_active_ratio": 0.00029608822184636546
      },
      "autocorrelation": [
        {
          "acf_5": [
            1.0,
            -0.42048534750938416,
            -0.03337902948260307,
            -0.011599505320191383,
            0.030638854950666428
          ],
          "tau_c_estimate": 0.2869040136220963
        },
        {
          "acf_5": [
            1.0,
            -0.38840335607528687,
            -0.04398367181420326,
            -0.019452836364507675,
            -0.0222602691501379
          ],
          "tau_c_estimate": 1.0
        },
        {
          "acf_5": [
            1.0,
            -0.4196438789367676,
            -0.020704394206404686,
            0.04545697197318077,
            -0.1019541397690773
          ],
          "tau_c_estimate": 0.323521035982126
        }
      ],
      "alpha_star": 1.4670024326761815,
      "gamma_eff": -1.4570024326761815,
      "n_trajectories": 10
    },
    "scr": {
      "entropy_production": {
        "sigma_active": 2255.068781473129,
        "sigma_diss": 15.371949782050958,
        "P_active_mean": 25178.713852826288,
        "P_diss_mean": 171.63375596439138,
        "P_c_mean": -240.4776943119523
      },
      "probability_current": {
        "J_norm": 3.653141975402832,
        "J_per_dim": 0.002378347640236219,
        "n_nonzero_vel_dims": 0,
        "n_dims_tested": 50,
        "vel_skewness": -0.08379180482413234,
        "vel_kurtosis": -0.055767940537552185,
        "detailed_balance_broken": false
      },
      "effective_temperature": {
        "T_eff_vel": 11.165386199951172,
        "T_eff_h": 0.0053852082540591555,
        "h_norm_mean": 174.53245544433594,
        "h_norm_std": 10.554092407226562,
        "h_norm_cv": 0.06047065790916211
      },
      "dissipation": {
        "P_diss_mean": 171.63375596439138,
        "P_diss_per_dim": 0.11174072653931731
      },
      "free_energy_efficiency": {
        "eta_F": 0.009550833125058847,
        "P_c_P_active_ratio": 0.009550833125058847
      },
      "autocorrelation": [
        {
          "acf_5": [
            1.0,
            -0.434697687625885,
            0.00920714158564806,
            -0.05040478706359863,
            -0.07627514004707336
          ],
          "tau_c_estimate": 0.21332079066802917
        },
        {
          "acf_5": [
            1.0,
            -0.39135146141052246,
            -0.008402036502957344,
            -0.10443427413702011,
            0.01801799237728119
          ],
          "tau_c_estimate": 0.24898013990078796
        },
        {
          "acf_5": [
            1.0,
            -0.3699488341808319,
            -0.056415557861328125,
            0.01377611793577671,
            -0.03258039057254791
          ],
          "tau_c_estimate": 0.23338210595336079
        }
      ],
      "alpha_star": 1.4670024326761815,
      "gamma_eff": -1.4570024326761815,
      "n_trajectories": 10
    },
    "rnd": {
      "entropy_production": {
        "sigma_active": 2254.913052439428,
        "sigma_diss": 15.370887947723142,
        "P_active_mean": 16899.52795021006,
        "P_diss_mean": 115.19767922363025,
        "P_c_mean": 64.4850331504873
      },
      "probability_current": {
        "J_norm": 2.856785774230957,
        "J_per_dim": 0.001859886571764946,
        "n_nonzero_vel_dims": 0,
        "n_dims_tested": 50,
        "vel_skewness": 0.13189075938492895,
        "vel_kurtosis": 2.3360743357237093,
        "detailed_balance_broken": false
      },
      "effective_temperature": {
        "T_eff_vel": 7.494536399841309,
        "T_eff_h": 0.003883900431295236,
        "h_norm_mean": 114.28707122802734,
        "h_norm_std": 23.316823959350586,
        "h_norm_cv": 0.2040197872671712
      },
      "dissipation": {
        "P_diss_mean": 115.19767922363025,
        "P_diss_per_dim": 0.07499848907788427
      },
      "free_energy_efficiency": {
        "eta_F": 0.003815789017330829,
        "P_c_P_active_ratio": 0.003815789017330829
      },
      "autocorrelation": [
        {
          "acf_5": [
            1.0,
            -0.4283300042152405,
            -0.01735357753932476,
            -0.02008218690752983,
            -0.017688145861029625
          ],
          "tau_c_estimate": 1.0
        },
        {
          "acf_5": [
            1.0,
            -0.3903605341911316,
            -0.0647105872631073,
            -0.006293301936239004,
            -0.04120083898305893
          ],
          "tau_c_estimate": 1.0
        },
        {
          "acf_5": [
            1.0,
            -0.417149156332016,
            -0.03676081448793411,
            0.017414037138223648,
            -0.04089813679456711
          ],
          "tau_c_estimate": 0.24688441384623336
        }
      ],
      "alpha_star": 1.4670024326761815,
      "gamma_eff": -1.4570024326761815,
      "n_trajectories": 10
    }
  }
}