{
  "timestamp": "2026-07-09T22:01:44.836548",
  "framework": "v8.0 Cross-Model + Constraint Extraction",
  "results": {
    "baseline_2L_128D_32B": {
      "config": {
        "name": "baseline_2L_128D_32B",
        "n_layers": 2,
        "d_model": 128,
        "base_dim": 32,
        "d_ff": 512,
        "n_heads": 4
      },
      "n_params": 416349,
      "alpha_star_mean": 0.32501288657588473,
      "alpha_star_std": 0.02721837411605055,
      "v8_results": {
        "corrected_constraint_power": {
          "pos_Pc_mean": 0.004646688038579648,
          "neg_Pc_mean": 0.11111344219284516,
          "pos_Pc_std": 0.6058372801072112,
          "neg_Pc_std": 1.1365262821933115,
          "pos_Pc_skew": -0.7832214322740498,
          "neg_Pc_skew": 8.436114142458038,
          "pos_vs_zero_p": 0.7630926375596017,
          "pos_vs_neg_p": 0.0014811763368462033,
          "ks_stat": 0.05377870806852697,
          "ks_p": 0.024494080237589054,
          "cohens_d": -0.11690714569678308,
          "criteria": {
            "pos_near_zero_after_correction": "True",
            "neg_far_from_zero": "True",
            "pos_closer_to_zero_than_neg": "True"
          },
          "passed_count": 3,
          "total_criteria": 3,
          "verdict": "STRONG_SUPPORT"
        },
        "energy_decomposition": {
          "pos_P_raw_mean": 0.38131626737427526,
          "neg_P_raw_mean": 0.5224250905523217,
          "pos_P_active_mean": 0.3766695814879483,
          "neg_P_active_mean": 0.4113116515304837,
          "pos_P_constraint_mean": 0.004646688038579648,
          "neg_P_constraint_mean": 0.11111344219284516,
          "active_fraction_pos": 0.9878140892936322,
          "active_fraction_neg": 0.7873122077978737,
          "correction_improvement": 82.06194519669921
        },
        "active_force_alignment": {
          "pos_alignment_mean": 0.9999999954120616,
          "neg_alignment_mean": 0.9999999985769696,
          "pos_vs_neg_p": 0.22538402812897504,
          "verdict": "OPPOSE"
        },
        "overall_verdict": {
          "support_count": 1,
          "total_count": 2,
          "verdict": "WEAK_SUPPORT",
          "framework": "v8.0 Lagrangian with Active Force",
          "method": "D",
          "mass": 1.0,
          "friction": 0.01
        }
      },
      "constraint_subspace": {
        "F_c_effective_rank": 12,
        "F_c_eigenvalues_top5": [
          0.2390995686634222,
          0.1326303366949681,
          0.0691059275595444,
          0.0438075055954732,
          0.032065533763303185
        ],
        "F_c_orthogonality_to_vel": 0.004646709654480219,
        "F_c_singular_values_top5": [
          19.31439781188965,
          14.347944259643555,
          10.33305549621582,
          8.23128890991211,
          7.038565158843994
        ],
        "vel_effective_rank": 12,
        "vel_eigenvalues_top5": [
          0.4233414160617742,
          0.17725761046002936,
          0.12304928095940658,
          0.09466690597225666,
          0.07335333267784222
        ],
        "F_c_norm_mean": 0.7437284588813782,
        "vel_norm_mean": 0.9825978875160217,
        "F_c_to_vel_norm_ratio": 0.7569001198301083,
        "constraint_subspace_dim": 12,
        "total_dim": 32,
        "compression_ratio": 0.375
      }
    },
    "deep_4L_128D_32B": {
      "config": {
        "name": "deep_4L_128D_32B",
        "n_layers": 4,
        "d_model": 128,
        "base_dim": 32,
        "d_ff": 512,
        "n_heads": 4
      },
      "n_params": 812893,
      "alpha_star_mean": 0.28341171739395027,
      "alpha_star_std": 0.016709712063582304,
      "v8_results": {
        "corrected_constraint_power": {
          "pos_Pc_mean": 0.00018424499872522212,
          "neg_Pc_mean": 8.253081193510481e-05,
          "pos_Pc_std": 0.01505708912832316,
          "neg_Pc_std": 0.014808747981784482,
          "pos_Pc_skew": -0.766139721795488,
          "neg_Pc_skew": -0.8890212709547114,
          "pos_vs_zero_p": 0.6306051842150439,
          "pos_vs_neg_p": 0.8518163101087979,
          "ks_stat": 0.029279450202873588,
          "ks_p": 0.525673496884427,
          "cohens_d": 0.006811171540667936,
          "criteria": {
            "pos_near_zero_after_correction": "True",
            "neg_far_from_zero": "False",
            "pos_closer_to_zero_than_neg": "False"
          },
          "passed_count": 1,
          "total_criteria": 3,
          "verdict": "WEAK_SUPPORT"
        },
        "energy_decomposition": {
          "pos_P_raw_mean": 0.01605580722493757,
          "neg_P_raw_mean": 0.016211464631173945,
          "pos_P_active_mean": 0.015871562218814028,
          "neg_P_active_mean": 0.01612893388845474,
          "pos_P_constraint_mean": 0.00018424499872522212,
          "neg_P_constraint_mean": 8.253081193510481e-05,
          "active_fraction_pos": 0.9885247062078668,
          "active_fraction_neg": 0.9949091063585078,
          "correction_improvement": 87.14374133166355
        },
        "active_force_alignment": {
          "pos_alignment_mean": 0.9999999944867631,
          "neg_alignment_mean": 0.9999999955682768,
          "pos_vs_neg_p": 0.6581170501118998,
          "verdict": "OPPOSE"
        },
        "overall_verdict": {
          "support_count": 1,
          "total_count": 2,
          "verdict": "WEAK_SUPPORT",
          "framework": "v8.0 Lagrangian with Active Force",
          "method": "D",
          "mass": 1.0,
          "friction": 0.01
        }
      },
      "constraint_subspace": {
        "F_c_effective_rank": 13,
        "F_c_eigenvalues_top5": [
          0.006317832577125512,
          0.005948079306500173,
          0.004119217068687638,
          0.0033861697874457827,
          0.0016747990554772333
        ],
        "F_c_orthogonality_to_vel": 0.00018424444715492427,
        "F_c_singular_values_top5": [
          3.1295015811920166,
          3.033524513244629,
          2.524310350418091,
          2.292395830154419,
          1.6089653968811035
        ],
        "vel_effective_rank": 13,
        "vel_eigenvalues_top5": [
          0.012743734450901772,
          0.009526663364636551,
          0.007633883173631315,
          0.005942660039123417,
          0.0033966026479106486
        ],
        "F_c_norm_mean": 0.16189797222614288,
        "vel_norm_mean": 0.22497957944869995,
        "F_c_to_vel_norm_ratio": 0.719611853444227,
        "constraint_subspace_dim": 13,
        "total_dim": 32,
        "compression_ratio": 0.40625
      }
    },
    "shallow_1L_128D_32B": {
      "config": {
        "name": "shallow_1L_128D_32B",
        "n_layers": 1,
        "d_model": 128,
        "base_dim": 32,
        "d_ff": 512,
        "n_heads": 4
      },
      "n_params": 218077,
      "alpha_star_mean": 0.39721255037513103,
      "alpha_star_std": 0.033801383001055355,
      "v8_results": {
        "corrected_constraint_power": {
          "pos_Pc_mean": 0.0029426532761973327,
          "neg_Pc_mean": 0.05734058190772429,
          "pos_Pc_std": 0.21443902046038904,
          "neg_Pc_std": 0.4022021227194353,
          "pos_Pc_skew": 4.844053235428059,
          "neg_Pc_skew": 5.416199224551776,
          "pos_vs_zero_p": 0.5896983873931989,
          "pos_vs_neg_p": 4.583349149832005e-06,
          "ks_stat": 0.05088606075794772,
          "ks_p": 0.03874309457878861,
          "cohens_d": -0.16878201771248202,
          "criteria": {
            "pos_near_zero_after_correction": "True",
            "neg_far_from_zero": "True",
            "pos_closer_to_zero_than_neg": "True"
          },
          "passed_count": 3,
          "total_criteria": 3,
          "verdict": "STRONG_SUPPORT"
        },
        "energy_decomposition": {
          "pos_P_raw_mean": 0.33405301612072935,
          "neg_P_raw_mean": 0.4075390006952994,
          "pos_P_active_mean": 0.33111036464784,
          "neg_P_active_mean": 0.3501984210275774,