{
  "timestamp": "2026-07-09T23:46:52.005187",
  "framework": "v15 RMT + Architecture Isomorphism",
  "rmt_results": {
    "pos": {
      "label": "pos_traj0",
      "n_jacobians": 62,
      "pca_dim": 32,
      "mean_vorticity": 11.359169006347656,
      "mean_dissipation": 11.945184707641602,
      "vort_diss_ratio": 0.9509412607898685,
      "ks_stat": 0.18892137096774195,
      "ks_pval": 1.097358452327878e-38,
      "max_anti_eigenvalue": 11.079290390014648,
      "max_ref_eigenvalue": 2.438089651501028,
      "anti_eigenvalue_range": [
        -6.208180198669433,
        6.089545831680303
      ],
      "ref_eigenvalue_range": [
        -2.090559346151401,
        2.130796192676903
      ],
      "vorticity_norms_mean": 11.359169006347656,
      "vorticity_norms_std": 2.6923272609710693,
      "dissipation_norms_mean": 11.945184707641602,
      "dissipation_norms_std": 2.4688470363616943
    },
    "rnd": {
      "label": "rnd_traj0",
      "n_jacobians": 31,
      "pca_dim": 30,
      "mean_vorticity": 8.052719116210938,
      "mean_dissipation": 8.850227355957031,
      "vort_diss_ratio": 0.9098883895564237,
      "ks_stat": 0.3455268817204301,
      "ks_pval": 7.881103872497277e-76,
      "max_anti_eigenvalue": 5.437698841094971,
      "max_ref_eigenvalue": 3.134195570660142,
      "anti_eigenvalue_range": [
        -5.230472841262817,
        4.631981282234192
      ],
      "ref_eigenvalue_range": [
        -2.6244967181619434,
        2.6832967096263673
      ],
      "vorticity_norms_mean": 8.052719116210938,
      "vorticity_norms_std": 0.7595171332359314,
      "dissipation_norms_mean": 8.850227355957031,
      "dissipation_norms_std": 0.7283037900924683
    }
  },
  "vel_rank_95": 131,
  "top_singular_values": [
    1391.9613037109375,
    828.986328125,
    554.6411743164062,
    441.1272888183594,
    381.684326171875,
    325.0702209472656,
    301.3808898925781,
    279.1778564453125,
    272.2261047363281,
    257.50042724609375,
    250.73880004882812,
    233.58985900878906,
    230.62619018554688,
    222.8660430908203,
    216.74058532714844,
    212.9322967529297,
    211.5148162841797,
    206.14413452148438,
    201.38156127929688,
    198.39866638183594,
    190.42335510253906,
    189.2783966064453,
    186.6517791748047,
    181.86297607421875,
    180.982177734375,
    180.373046875,
    179.50291442871094,
    174.21755981445312,
    169.79417419433594,
    167.5414276123047
  ]
}